destination_country,destination_partner,profitability_per_txn,cost_per_txn,reversal_per_txn,success_percentage,failure_percentage,less_15m,greater_15m,Total_Rank,Average_Rank
Albania,#####,2.535456,5.036108,0.048,25.641,74.359,17,3,3,1
Argentina,#####,0.410718,0.6972,0,29.268,70.732,0,12,6,2
Argentina,#####,-1.85955,1.743,0,27.35,72.65,12,20,7,2.33
Argentina,#####,-1.161006,1.743,0,26.087,73.913,0,6,8,2.67
Argentina,#####,-4.230072,1.162,0,33.333,66.667,0,14,9,3
Australia,#####,28.096992,0.6972,0,98.975,1.025,4056,1832,4,1.33
Australia,#####,34.962774,1.234044,0.002,50.86,49.14,227,187,6,2
Australia,#####,-2.917068,2.0916,0,86.486,13.514,7,25,8,2.67
Australia,#####,-3.230766,2.324,0,6.667,93.333,0,1,12,4
Austria,#####,0.75999,0.257964,0.002,99.333,0.667,47043,11672,4,1.33
Austria,#####,1.477938,0.250992,0.003,93.486,6.514,7725,212,5,1.67
Azerbaijan,#####,0.151998,0.009296,0,92.857,7.143,0,13,4,1.33
Azerbaijan,#####,-4.81866,3.495296,0,60,40,3,0,5,1.67
Bahrain,#####,-1.442364,3.504592,0,100,0,1,0,3,1
Bahrain,#####,-5.080614,16.268,0.033,79.452,20.548,0,58,6,2
Bangladesh,#####,142.163406,0,0.016,99.422,0.578,250447,217542,17,5.67
Bangladesh,#####,123.289782,0,0.009,99.556,0.444,23345,105391,21,7
Bangladesh,#####,120.566754,0,0.012,99.739,0.261,6924,124550,22,7.33
Bangladesh,#####,88.831512,0,0.013,99.645,0.355,13630,772724,24,8
Bangladesh,#####,3.851694,0,0,99.563,0.437,325675,935,27,9
Bangladesh,#####,101.40207,0,0.011,99.166,0.834,26214,54729,27,9
Bangladesh,#####,3.790248,1.078336,0,99.549,0.451,446152,26092,29,9.67
Bangladesh,#####,83.45337,0.204512,0.013,99.136,0.864,159873,178681,29,9.67
Bangladesh,#####,55.961136,0,0.012,99.77,0.23,1288,145892,31,10.33
Bangladesh,#####,73.58967,0.260288,0.015,99.271,0.729,16687,579622,31,10.33
Bangladesh,#####,3.075534,1.496656,0,99.167,0.833,2899331,35626,32,10.67
Bangladesh,#####,77.852082,0,0.012,99.149,0.851,2041,100005,37,12.33
Bangladesh,#####,2.693922,0,0.011,99.973,0.027,1902,65782,39,13
Bangladesh,#####,4.783086,0.713468,0,98.794,1.206,246805,1615,39,13
Bangladesh,#####,2.891196,0,0.014,99.986,0.014,141,6903,40,13.33
Bangladesh,#####,170.127804,0,0.027,98.776,1.224,36,1094,40,13.33
Bangladesh,#####,5.09355,0,0,96.027,3.973,32924,43,45,15
Bangladesh,#####,-0.045276,0,0,100,0,5,4,48,16
Bangladesh,#####,-0.061446,0,0,100,0,8,4,49,16.33
Bangladesh,#####,35.392896,0.281204,0.007,98.024,1.976,647,66168,49,16.33
Bangladesh,#####,2.55486,0,0.011,99.009,0.991,3868,230,51,17
Bangladesh,#####,6.03141,0,0.015,98.907,1.093,27,1330,51,17
Bangladesh,#####,8.670354,0,0.006,97.665,2.335,25,1439,55,18.33
Bangladesh,#####,-91.030632,0.548464,0.014,96.454,3.546,18,118,72,24
Bangladesh,#####,-11.83644,0,0.024,94.425,5.575,24,4735,72,24
Bangladesh,#####,-1.85955,1.2201,0,25,75,0,1,76,25.33
Belgium,#####,0.701778,0.292824,0.005,99.283,0.717,404171,56153,5,1.67
Belgium,#####,1.364748,0.250992,0.007,98.235,1.765,95413,1739,6,2
Belgium,#####,2.645412,0.436912,0,80,20,5,11,7,2.33
Benin,#####,9.598512,2.324,0,98.746,1.254,891687,10582,6,2
Benin,#####,11.826738,1.631448,0,96.906,3.094,727917,3988,6,2
Benin,#####,9.75051,1.3944,0.004,99.394,0.606,2736,52,7,2.33
Benin,#####,7.143906,1.162,0.001,85.907,14.093,11926,28,11,3.67
Benin,#####,-2.305842,1.677928,0,66.667,33.333,7,11,15,5
Bolivia (Plurinational State of),#####,8.201424,2.2078,0.007,89.375,10.625,0,143,5,1.67
Bolivia (Plurinational State of),#####,-3.942246,2.851548,0,55,45,0,11,6,2
Bolivia (Plurinational State of),#####,-2.170014,2.324,0,40,60,0,14,7,2.33
Botswana,#####,0.520674,1.162,0,69.484,30.516,75,73,3,1
Brazil,#####,3.838758,0.585648,0,93.964,6.036,257990,23638,4,1.33
Brazil,#####,16.907352,0.4648,0,79.003,20.997,1715,12,5,1.67
Brazil,#####,-3.951948,2.086952,0.017,66.154,33.846,9,163,13,4.33
Brazil,#####,-0.811734,0.62748,0,50.847,49.153,0,30,15,5
Brazil,#####,-2.486946,1.743,0,16.667,83.333,1,7,16,5.33
Brazil,#####,-1.578192,1.647716,0,31.481,68.519,0,17,16,5.33
Brazil,#####,-2.056824,1.41764,0,1.423,98.577,0,8,19,6.33
Brazil,#####,-7.2765,5.229,0,8,92,0,2,20,6.67
Brunei Darussalam,#####,-0.924924,4.648,0,49.315,50.685,0,36,3,1
Bulgaria,#####,0.772926,0.311416,0.018,99.331,0.669,5567,964,5,1.67
Bulgaria,#####,4.207434,0.253316,0.004,77.819,22.181,872,1019,6,2
Bulgaria,#####,39.962538,1.784832,0,50,50,0,1,8,2.67
Bulgaria,#####,-6.930462,4.98498,0,71.429,28.571,0,5,11,3.67
Burkina Faso,#####,5.892348,1.3944,0,98.821,1.179,39401,510,6,2
Burkina Faso,#####,16.182936,1.317708,0,89.404,10.596,3336,1887,7,2.33
Burkina Faso,#####,25.755576,1.162,0,76.538,23.462,2460,3,9,3
Burkina Faso,#####,27.670104,1.027208,0,68.981,31.019,293,5,11,3.67
Burkina Faso,#####,3.906672,1.3363,0,84.416,15.584,27,38,13,4.33
Burkina Faso,#####,1.06722,1.884764,0,73.333,26.667,9,2,17,5.67
Burundi,#####,-5.261718,5.921552,0.001,98.518,1.482,5916,72,3,1
Cambodia,#####,6.280428,4.648,0,90.382,9.618,2152,122,3,1
Cambodia,#####,-5.10972,5.81,0,40.708,59.292,44,1,6,2
Cameroon,#####,10.59135,2.031176,0,99.253,0.747,577980,7605,5,1.67
Cameroon,#####,7.363818,1.89406,0,99.037,0.963,1993741,11027,8,2.67
Cameroon,#####,7.748664,1.408344,0,99.155,0.845,327156,6887,8,2.67
Cameroon,#####,38.057712,1.162,0.001,82.616,17.384,2951,5,11,3.67
Cameroon,#####,1.646106,2.60288,0,97.721,2.279,101064,27698,13,4.33
Canada,#####,35.75187,1.162,0.001,72.476,27.524,0,1285,4,1.33
Canada,#####,30.748872,5.338228,0.019,59.306,40.694,2,2560,5,1.67
Central African Republic,#####,-0.381612,1.8592,0,60,40,3,27,3,1
Chad,#####,-0.29106,1.8592,0,50.45,49.55,56,0,3,1
Chile,#####,-1.982442,1.743,0,18.519,81.481,3,7,5,1.67
Chile,#####,-2.422266,1.743,0,27.119,72.881,0,16,7,2.33
Chile,#####,-3.227532,2.324,0,26.667,73.333,0,4,8,2.67
Chile,#####,-4.459686,4.648,0,11.111,88.889,0,2,10,3.33
China,#####,30.441642,9.296,0,90.555,9.445,47704,6019,5,1.67
China,#####,-6.413022,4.648,0,100,0,10,1,7,2.33
China,#####,9.57264,6.0424,0.004,37.399,62.601,88,191,8,2.67
China,#####,-9.702,6.972,0,100,0,0,1,10,3.33
Colombia,#####,2.609838,2.324,0,79.63,20.37,18584,7361,4,1.33
Colombia,#####,2.228226,2.324,0,91.277,8.723,15074,77,5,1.67
Colombia,#####,-1.429428,3.97404,0.003,76.801,23.199,1479,1418,10,3.33
Colombia,#####,-0.882882,1.2782,0,65,35,27,12,11,3.67
Colombia,#####,-4.81866,3.495296,0,22.222,77.778,2,0,18,6
Colombia,#####,-1.636404,2.18456,0,40.102,59.898,0,79,18,6
Colombia,#####,-7.092162,1.743,0.023,60.777,39.223,0,172,20,6.67
Colombia,#####,-7.2765,5.229,0,17.647,82.353,0,3,22,7.33
Comoros,#####,-1.089858,1.5106,0,83.333,16.667,32,8,3,1
Congo,#####,4.94802,1.745324,0.013,76.289,23.711,73,1,4,1.33
Congo,#####,0.847308,1.733704,0,80.769,19.231,54,9,5,1.67
Congo,#####,-2.464308,1.8592,0,18.182,81.818,2,0,9,3
"Congo, Democratic Republic of the",#####,0.4851,2.324,0,98.373,1.627,60636,324,8,2.67
"Congo, Democratic Republic of the",#####,1.400322,1.636096,0,95.14,4.86,362868,1415,8,2.67
"Congo, Democratic Republic of the",#####,2.108568,1.162,0,96.618,3.382,51316,167,8,2.67
"Congo, Democratic Republic of the",#####,2.448138,1.5106,0,87.117,12.883,2982,17,10,3.33
"Congo, Democratic Republic of the",#####,-3.234,2.324,0,100,0,23,1,11,3.67
Costa Rica,#####,-6.448596,4.648,0,84,16,13,8,4,1.33
Costa Rica,#####,-2.147376,2.324,0,54.545,45.455,1,11,5,1.67
Croatia,#####,6.367746,0.341628,0,97.561,2.439,66,15,4,1.33
Croatia,#####,4.990062,0.253316,0.004,86.047,13.953,322,122,5,1.67
Cyprus,#####,1.37445,0.246344,0.003,99.304,0.696,925,177,6,2
Cyprus,#####,7.641942,0.411348,0,100,0,4,2,6,2
Cyprus,#####,11.331936,0.253316,0.043,88.727,11.273,95,149,6,2
Czechia,#####,5.355504,0.334656,0.003,99.462,0.538,323,53,4,1.33
Czechia,#####,6.584424,0.253316,0.004,96.829,3.171,228,749,5,1.67
Czechia,#####,3.447444,1.589616,0,50,50,1,0,9,3
CÃ´te d'Ivoire,#####,5.345802,1.501304,0.001,97.209,2.791,350313,59623,11,3.67
CÃ´te d'Ivoire,#####,11.516274,1.036504,0.002,94.344,5.656,190827,10029,11,3.67
CÃ´te d'Ivoire,#####,8.418102,2.093924,0,98.946,1.054,118852,523,13,4.33
CÃ´te d'Ivoire,#####,0.850542,1.422288,0,95.132,4.868,316362,46506,14,4.67
CÃ´te d'Ivoire,#####,10.141824,1.310736,0,94.205,5.795,165470,50850,14,4.67
CÃ´te d'Ivoire,#####,24.743334,1.3944,0,90.098,9.902,33581,6709,14,4.67
CÃ´te d'Ivoire,#####,9.110178,4.306372,0.001,89.755,10.245,8604,87,20,6.67
CÃ´te d'Ivoire,#####,17.240454,1.143408,0,35.398,64.602,40,0,20,6.67
CÃ´te d'Ivoire,#####,-1.09956,0.79016,0,100,0,2,0,21,7
CÃ´te d'Ivoire,#####,-0.98637,1.845256,0,82.692,17.308,20,23,27,9
Denmark,#####,11.532444,0.376488,0,97.015,2.985,38,29,4,1.33
Denmark,#####,0.656502,0.253316,0.018,77.113,22.887,40,179,5,1.67
Dominican Republic,#####,-2.260566,1.6268,0,57.692,42.308,0,30,3,1
Ecuador,#####,-3.0723,2.2078,0,100,0,11,0,6,2
Ecuador,#####,-0.886116,1.703492,0,40.541,59.459,0,15,9,3
Ecuador,#####,-3.078768,2.212448,0,38.571,61.429,7,20,10,3.33
Ecuador,#####,0,4.648,0,2.128,97.872,0,1,10,3.33
Ecuador,#####,1.820742,3.472056,0,23.077,76.923,0,27,10,3.33
Egypt,#####,3.926076,2.189208,0.019,95.993,4.007,4037,311063,3,1
Egypt,#####,-4.86717,3.495296,0,37.5,62.5,3,0,6,2
Egypt,#####,-9.79902,6.972,0,6.897,93.103,0,2,9,3
El Salvador,#####,-2.7489,1.9754,0,63.333,36.667,6,13,4,1.33
El Salvador,#####,-7.7616,5.5776,0,86.667,13.333,0,13,5,1.67
Equatorial Guinea,#####,-2.49018,1.8592,0,64.286,35.714,8,10,3,1
Estonia,#####,2.66805,0.253316,0,95.905,4.095,705,21,5,1.67
Estonia,#####,0.798798,0.237048,0.01,90.458,9.542,9115,1318,6,2
Estonia,#####,-0.876414,1.791804,0,100,0,0,2,7,2.33
Ethiopia,#####,13.880328,0,0.042,97.214,2.786,252,12519,4,1.33
Ethiopia,#####,4.184796,0,0,70.33,29.67,53,11,8,2.67
Ethiopia,#####,-1.998612,1.3944,0,100,0,13,1,10,3.33
Ethiopia,#####,-1.562022,0.6972,0,62.069,37.931,57,15,10,3.33
Ethiopia,#####,-0.003234,0,0,46.667,53.333,7,0,13,4.33
Fiji,#####,-6.41949,4.648,0,100,0,2,0,3,1
Finland,#####,0.721182,0.274232,0.001,99.186,0.814,15028,6787,5,1.67
Finland,#####,2.189418,0.250992,0,92.301,7.699,2169,49,5,1.67
Finland,#####,1.338876,0.176624,0.333,66.667,33.333,1,1,8,2.67
France,#####,0.805266,0.260288,0.001,99.538,0.462,758665,170205,5,1.67
France,#####,1.135134,0.250992,0.001,96.818,3.182,140085,2734,5,1.67
France,#####,0.989604,0.597268,0.133,61.905,38.095,4,9,8,2.67
France,#####,-2.800644,3.562692,0,25,75,0,1,12,4
French Guiana,#####,1.620234,0.253316,0,85.417,14.583,41,0,3,1
Gabon,#####,6.616764,1.8592,0,97.993,2.007,224020,1592,4,1.33
Gabon,#####,-1.7787,1.162,0,100,0,1,1,5,1.67
Gambia,#####,14.03556,0.9296,0,99.553,0.447,6922,5989,3,1
Gambia,#####,4.637556,0,0,89.563,10.437,5178,5,6,2
Gambia,#####,-1.238622,0.9296,0,17.143,82.857,0,6,9,3
Georgia,#####,-4.808958,3.492972,0,62.5,37.5,4,1,4,1.33
Georgia,#####,-8.806182,6.337548,0,100,0,2,10,6,2
Georgia,#####,-5.9829,5.81,0,60.417,39.583,1,28,8,2.67
Germany,#####,0.837606,0.253316,0.002,99.343,0.657,346527,79433,5,1.67
Germany,#####,1.448832,0.250992,0.001,87.854,12.146,86303,2871,6,2
Germany,#####,17.136966,0.936572,0,72.727,27.273,4,12,7,2.33
Ghana,#####,24.193554,0.948192,0,98.755,1.245,2551314,296069,9,3
Ghana,#####,11.729718,0.9296,0,99.357,0.643,245000,18875,12,4
Ghana,#####,12.07899,0.99932,0,98.802,1.198,156475,15971,13,4.33
Ghana,#####,10.837134,1.8592,0.001,96.402,3.598,9729552,85437,15,5
Ghana,#####,8.156148,1.584968,0.001,98.053,1.947,2548279,4606,16,5.33
Ghana,#####,8.139978,0.938896,0,99.917,0.083,26443,182,17,5.67
Ghana,#####,-0.992838,0.7553,0,100,0,28,12,24,8
Ghana,#####,15.416478,1.743,0,79.842,20.158,3839,3,25,8.33
Ghana,#####,3.017322,0.945868,0,95.451,4.549,50331,600,26,8.67
Ghana,#####,5.30376,0.713468,0,96.347,3.653,4869,142,27,9
Ghana,#####,-1.494108,1.0458,0,100,0,7,1,29,9.67
Ghana,#####,-1.24509,0.852908,0,97.059,2.941,27,6,33,11
Ghana,#####,1.258026,0.920304,0,94.929,5.071,1561,105,33,11
Ghana,#####,-11.93346,1.743,0.004,65.76,34.24,9567,53,36,12
Greece,#####,5.048274,0.253316,0,91.943,8.057,1591,18,5,1.67
Greece,#####,3.21783,0.32536,0.009,98.291,1.709,237,147,6,2
Greece,#####,1.772232,1.280524,0,100,0,2,2,7,2.33
Guadeloupe,#####,1.562022,0.253316,0,86.842,13.158,33,0,3,1
Guatemala,#####,-3.198426,2.324,0,100,0,8,2,3,1
Guatemala,#####,-3.224298,2.324,0,36.842,63.158,8,13,6,2
Guinea,#####,4.547004,1.677928,0.001,94.526,5.474,11922,32,4,1.33
Guinea,#####,5.552778,1.8592,0,87.76,12.24,1133,7,5,1.67
Guinea,#####,-2.2638,1.6268,0,22.222,77.778,2,0,9,3
Guinea-Bissau,#####,0.656502,1.8592,0,91.206,8.794,14238,13,3,1
Haiti,#####,1.416492,2.949156,0,93.921,6.079,362303,33020,3,1
Honduras,#####,-6.45183,4.648,0,100,0,2,2,4,1.33
Honduras,#####,-4.032798,2.905,0,37.5,62.5,2,22,5,1.67
Hong Kong,#####,-7.515816,9.614388,0.019,25.616,74.384,0,52,3,1
Hungary,#####,9.963954,0.253316,0.007,97.815,2.185,297,464,3,1
Hungary,#####,5.517204,0.3486,0.01,95.714,4.286,196,15,6,2
Iceland,#####,4.437048,0.334656,0,100,0,8,0,4,1.33
Iceland,#####,10.507266,0.253316,0,100,0,7,36,5,1.67
India,#####,1.322706,0.24402,0.002,98.2,1.8,7769487,943927,8,2.67
India,#####,1.56849,0.183596,0.003,99.592,0.408,190597,103979,9,3
India,#####,1.659042,0.26726,0,97.219,2.781,774361,32173,10,3.33
India,#####,1.05105,0.295148,0.001,97.859,2.141,4639423,326183,11,3.67
India,#####,0.045276,0.318388,0,99.942,0.058,47890,1976,12,4
India,#####,-4.863936,3.495296,0,100,0,1,0,13,4.33
Indonesia,#####,4.938318,0.83664,0.001,98.216,1.784,242285,10349,6,2
Indonesia,#####,5.769456,1.18524,0.007,98.242,1.758,5907,15,6,2
Indonesia,#####,4.55994,0.7553,0,97.614,2.386,345149,55753,7,2.33
Indonesia,#####,0.103488,3.367476,0,96.73,3.27,13773,1341,11,3.67
Indonesia,#####,-0.785862,0.599592,0,86.842,13.158,27,6,15,5
Indonesia,#####,-1.138368,0.799456,0,57.5,42.5,15,8,18,6
Indonesia,#####,-4.851,3.492972,0,44.444,55.556,4,0,21,7
Iraq,#####,-10.91475,8.134,0,7.692,92.308,0,1,3,1
Ireland,#####,0.507738,0.269584,0.017,99.516,0.484,10672,2120,5,1.67
Ireland,#####,7.22799,0.253316,0.004,97.236,2.764,1095,1508,6,2
Ireland,#####,10.500798,0.687904,0,90,10,1,8,7,2.33
Israel,#####,88.446666,2.542456,0,64.407,35.593,0,38,4,1.33
Israel,#####,85.584576,3.144372,0,36.364,63.636,0,8,5,1.67
Italy,#####,4.34973,1.798776,0,100,0,0,1,6,2
Italy,#####,0.782628,0.253316,0.006,98.535,1.465,251370,62844,7,2.33
Italy,#####,1.03488,0.250992,0,94.609,5.391,84894,2583,8,2.67
Italy,#####,-4.825128,3.495296,0,100,0,1,0,9,3
Jamaica,#####,-0.093786,1.6268,0,63.235,36.765,2,41,3,1
Japan,#####,-29.080128,20.916,0,100,0,0,4,4,1.33
Japan,#####,-12.890724,9.296,0,46.667,53.333,0,28,5,1.67
Jordan,#####,-5.054742,4.648,0,8.861,91.139,2,5,3,1
Kazakhstan,#####,-4.863936,3.495296,0,100,0,1,0,3,1
Kenya,#####,8.123808,1.001644,0,99.25,0.75,5503211,3351,7,2.33
Kenya,#####,28.375116,0.683256,0.001,96.252,3.748,321725,9698,7,2.33
Kenya,#####,15.258012,0.890092,0.009,98.136,1.864,238949,190,8,2.67
Kenya,#####,0.556248,0,0,99.958,0.042,23756,19,11,3.67
Kenya,#####,15.212736,0.68558,0.001,88.94,11.06,55676,1574,12,4
Kenya,#####,0.514206,1.227072,0,75.758,24.242,23,2,18,6
Kenya,#####,0.009702,1.108548,0,50,50,15,0,22,7.33
Kenya,#####,-0.326634,0.22078,0,58.333,41.667,7,0,23,7.67
Kenya,#####,-4.854234,3.495296,0,14.286,85.714,1,0,27,9
"Korea, Republic of",#####,10.584882,1.162,0,56.17,43.83,62,334,4,1.33
"Korea, Republic of",#####,0.077616,0,0,100,0,1,15,5,1.67
Kuwait,#####,-3.075534,3.5441,0,83.333,16.667,5,0,3,1
Lao People's Democratic Republic,#####,-21.00483,15.106,0,57.143,42.857,0,4,3,1
Latvia,#####,0.766458,0.25564,0.001,99.836,0.164,41935,5508,4,1.33
Latvia,#####,1.920996,0.253316,0,98.848,1.152,3348,255,5,1.67
Lebanon,#####,0.540078,0,0,100,0,14,4,4,1.33
Lebanon,#####,-1.749594,1.257284,0,59.459,40.541,18,4,5,1.67
Lebanon,#####,-2.7489,2.324,0,50,50,13,7,9,3
Lesotho,#####,6.189876,2.18456,0.002,91.84,8.16,1654,23,3,1
Liberia,#####,0.983136,1.8592,0,98.207,1.793,4009845,2089,4,1.33
Liberia,#####,-1.397088,1.3944,0,100,0,27,4,5,1.67
Liechtenstein,#####,26.903646,0.20916,0,33.333,66.667,2,0,4,1.33
Liechtenstein,#####,7.409094,0.253316,0.091,100,0,2,8,5,1.67
Lithuania,#####,0.714714,0.276556,0.003,99.499,0.501,189957,24750,5,1.67
Lithuania,#####,2.412564,0.250992,0.004,99.115,0.885,55807,2083,6,2
Lithuania,#####,10.368204,1.654688,0,66.667,33.333,2,2,7,2.33
Luxembourg,#####,0.688842,0.297472,0.009,99.023,0.977,9262,1433,4,1.33
Luxembourg,#####,1.167474,0.253316,0.015,97.248,2.752,889,1726,5,1.67
Madagascar,#####,6.413022,1.489684,0,97.804,2.196,2834,17,3,1
Madagascar,#####,-3.537996,2.542456,0,61.538,38.462,15,1,7,2.33
Madagascar,#####,0,0,0,50,50,3,1,8,2.67
Malawi,#####,29.306508,1.162,0,93.094,6.906,4854,619,5,1.67
Malawi,#####,7.257096,1.052772,0.002,92.705,7.295,45412,509,7,2.33
Malawi,#####,-0.795564,1.159676,0,97.239,2.761,482,11,9,3
Malawi,#####,10.12242,1.187564,0,89.747,10.253,1823,24,9,3
Malaysia,#####,-0.504504,1.82434,0,98.315,1.685,163998,68220,5,1.67
Malaysia,#####,3.521826,0.144088,0,98.268,1.732,94409,12283,6,2
Malaysia,#####,-0.527142,1.89406,0.006,99.571,0.429,10842,230072,8,2.67
Malaysia,#####,-0.976668,0.446208,0,95.484,4.516,24569,10002,11,3.67
Malaysia,#####,-3.728802,3.495296,0,50,50,3,0,15,5
Mali,#####,7.040418,1.064392,0.002,98.446,1.554,389658,11535,6,2
Mali,#####,5.70801,1.282848,0,96.453,3.547,412234,44975,8,2.67
Mali,#####,-1.513512,2.693516,0.001,97.974,2.026,1057304,1505,11,3.67
Mali,#####,2.63571,1.3363,0,96.19,3.81,177732,14963,12,4
Mali,#####,-0.006468,0.01162,0,100,0,8,0,13,4.33
Mali,#####,1.397088,1.5106,0,78.516,21.484,976,414,15,5
Mali,#####,-2.140908,1.694196,0,71.875,28.125,19,4,21,7
Mali,#####,-1.377684,1.031856,0,69.231,30.769,8,1,22,7.33
Malta,#####,2.984982,0.274232,0.009,98.174,1.826,466,88,5,1.67
Malta,#####,4.207434,0.253316,0.032,94.019,5.981,294,99,6,2
Malta,#####,5.549544,0.89474,0,80,20,1,3,7,2.33
Mauritania,#####,-0.038808,0.181272,0,84.615,15.385,32,1,3,1
Mexico,#####,31.476522,0.6972,0,88.406,11.594,25,36,4,1.33
Mexico,#####,11.341638,1.822016,0.001,66.322,33.678,70,527,8,2.67
Mexico,#####,-0.620928,2.751616,0,70,30,0,97,10,3.33
Mexico,#####,-2.082696,1.8592,0,66.364,33.636,23,50,11,3.67
Mexico,#####,-4.77015,1.162,0,82.544,17.456,0,279,12,4
Monaco,#####,28.882854,0.253316,0,84.211,15.789,20,12,4,1.33
Monaco,#####,7.444668,0.20916,0,100,0,11,3,5,1.67
Mongolia,#####,9.967188,3.827628,0,97.88,2.12,39256,2719,3,1
Morocco,#####,18.56316,3.109512,0.002,87.698,12.302,305,1299,3,1
Mozambique,#####,0.944328,2.324,0,99.56,0.44,590132,205,4,1.33
Mozambique,#####,0.688842,2.409988,0,97.362,2.638,1168783,12802,5,1.67
Mozambique,#####,-1.617,1.162,0,50,50,6,1,9,3
Myanmar,#####,-3.46038,2.344916,0,100,0,0,23,4,1.33
Myanmar,#####,-9.142518,8.1921,0,11.299,88.701,0,20,5,1.67
Nepal,#####,3.091704,0.246344,0,99.254,0.746,20367,4190,8,2.67
Nepal,#####,5.620692,0,0,98.919,1.081,6571,385,9,3
Nepal,#####,1.765764,0.938896,0,99.291,0.709,24573,1205,10,3.33
Nepal,#####,3.463614,0.002324,0,98.186,1.814,14584,846,11,3.67
Nepal,#####,6.073452,1.3944,0,93.676,6.324,2289,2392,14,4.67
Nepal,#####,2.900898,0,0,98.769,1.231,2188,380,16,5.33
Nepal,#####,1.807806,0.799456,0,94.988,5.012,5304,2107,18,6
Nepal,#####,2.57103,0.22078,0,87.156,12.844,76,19,22,7.33
Netherlands,#####,0.769692,0.262612,0.001,99.393,0.607,125425,19519,5,1.67
Netherlands,#####,1.629936,0.250992,0.002,98.377,1.623,28588,685,6,2
Netherlands,#####,2.891196,1.08066,0.115,65.714,34.286,6,17,9,3
Netherlands,#####,-4.352964,3.495296,0,77.778,22.222,6,1,10,3.33
New Zealand,#####,-4.796022,3.486,0,60.976,39.024,0,25,3,1
Nicaragua,#####,-6.468,4.648,0,58.824,41.176,8,12,3,1
Niger,#####,-1.028412,0.764596,0,100,0,3,2,3,1
Nigeria,#####,6.021708,0.13944,0,97.532,2.468,50699,3211,8,2.67
Nigeria,#####,5.766222,1.162,0,95.959,4.041,81198,15485,9,3
Nigeria,#####,3.318084,1.201508,0.004,94.659,5.341,32251,14536,13,4.33
Nigeria,#####,7.402626,0.4648,0,93.003,6.997,8139,461,13,4.33
Nigeria,#####,13.79301,0.411348,0.004,89.275,10.725,20888,4406,14,4.67
Nigeria,#####,-1.329174,0.9296,0,100,0,7,1,20,6.67
Nigeria,#####,-0.24255,2.607528,0.003,92.499,7.501,1883,867,20,6.67
Nigeria,#####,2.567796,0.581,0,91.599,8.401,270,68,21,7
Nigeria,#####,-3.373062,2.324,0,100,0,5,0,22,7.33
Nigeria,#####,-1.849848,1.6268,0,64.516,35.484,39,1,27,9
Nigeria,#####,-4.851,3.486,0,59.091,40.909,22,4,31,10.33
Norway,#####,4.954488,0.3486,0,100,0,53,8,4,1.33
Norway,#####,6.535914,0.250992,0.005,96.04,3.96,11,183,5,1.67
Pakistan,#####,6.830208,0.053452,0.013,98.846,1.154,115623,16986,5,1.67
Pakistan,#####,13.023318,0.041832,0.003,97.249,2.751,187710,31594,5,1.67
Pakistan,#####,6.261024,1.385104,0.009,97.914,2.086,18027,607,10,3.33
Pakistan,#####,3.343956,1.378132,0.001,96.986,3.014,63204,5002,12,4
Pakistan,#####,4.935084,0.460152,0.008,84.714,15.286,20713,5157,14,4.67
Pakistan,#####,-13.38876,2.726052,0.003,89.818,10.182,241,9312,17,5.67
Panama,#####,-4.3659,3.1374,0,15,85,0,3,3,1
Paraguay,#####,-0.43659,2.324,0,58.824,41.176,0,10,4,1.33
Paraguay,#####,-3.230766,2.324,0,8.824,91.176,0,3,5,1.67
Peru,#####,-3.221064,2.324,0,100,0,0,4,6,2
Peru,#####,-4.847766,3.486,0,100,0,17,3,7,2.33
Peru,#####,5.633628,2.042796,0,40,60,0,36,9,3
Peru,#####,0.239316,2.972396,0,20.339,79.661,0,24,10,3.33
Peru,#####,-5.575416,2.014908,0,13.636,86.364,0,15,13,4.33
Philippines,#####,1.723722,0.99932,0,98.378,1.622,13963831,740,10,3.33
Philippines,#####,3.405402,0.501984,0,97.855,2.145,3440575,423820,11,3.67
Philippines,#####,8.042958,2.0335,0,98.485,1.515,6999,541,11,3.67
Philippines,#####,1.60083,0.73206,0,99.719,0.281,275007,28,12,4
Philippines,#####,11.315766,1.029532,0,97.407,2.593,59623,19681,12,4
Philippines,#####,5.733882,0.132468,0,95.795,4.205,1841938,272140,13,4.33
Philippines,#####,4.243008,1.020236,0,97.778,2.222,21652,8894,15,5
Philippines,#####,1.338876,0.808752,0,94.618,5.382,10,5000,24,8
Philippines,#####,-4.369134,3.495296,0,50,50,7,0,27,9
Poland,#####,4.938318,0.343952,0.005,94.052,5.948,1266,202,4,1.33
Poland,#####,11.244618,0.253316,0.007,78.722,21.278,350,956,5,1.67
Poland,#####,2.228226,1.594264,0,66.667,33.333,0,2,10,3.33
Poland,#####,-3.8808,2.7888,0,10,90,1,0,11,3.67
Portugal,#####,0.772926,0.260288,0.001,99.361,0.639,365934,56341,5,1.67
Portugal,#####,1.128666,0.250992,0,97.785,2.215,92417,2296,6,2
Portugal,#####,1.539384,0.834316,0.009,92.373,7.627,21,88,7,2.33
Qatar,#####,-16.150596,11.524716,0,100,0,0,9,3,1
Romania,#####,11.943162,0.253316,0.024,96.383,3.617,3695,2699,4,1.33
Romania,#####,0.465696,0.815724,0,100,0,0,5,7,2.33
Romania,#####,3.829056,0.357896,0.069,95.643,4.357,821,67,7,2.33
Russian Federation,#####,0.391314,2.905,0,38.462,61.538,12,3,3,1
Rwanda,#####,11.684442,0.843612,0.011,98.678,1.322,147580,43,3,1
Rwanda,#####,0.051744,1.40602,0.004,93.1,6.9,924,7,6,2
Samoa,#####,-6.38715,4.648,0,100,0,3,0,3,1
Senegal,#####,3.44421,1.973076,0,97.052,2.948,1510354,7921,10,3.33
Senegal,#####,5.517204,4.736312,0,98.442,1.558,324321,914,10,3.33
Senegal,#####,12.625536,1.436232,0,95.443,4.557,49957,9357,11,3.67
Senegal,#####,9.304218,3.128104,0,95.972,4.028,8794,283,13,4.33
Senegal,#####,0.831138,1.8011,0,94.678,5.322,1284124,128,18,6
Senegal,#####,3.951948,1.31306,0,93.17,6.83,26057,1418,19,6.33
Senegal,#####,6.3063,1.973076,0.001,92.18,7.82,4630,1523,20,6.67
Senegal,#####,13.50195,1.438556,0.062,69.582,30.418,174,9,20,6.67
Senegal,#####,-3.030258,2.344916,0.001,90.837,9.163,404840,4300,24,8
Senegal,#####,1.35828,1.3944,0,94.737,5.263,37,53,24,8
Senegal,#####,1.11573,1.891736,0.028,54.688,45.313,41,29,30,10
Senegal,#####,-1.26126,3.523184,0,33.333,66.667,1,0,35,11.67
Sierra Leone,#####,9.349494,1.8592,0.001,99.072,0.928,6086,424,4,1.33
Sierra Leone,#####,-1.691382,1.8592,0.001,94.021,5.979,21083,181,5,1.67
Singapore,#####,24.830652,2.372804,0.003,77.869,22.131,125,160,4,1.33
Singapore,#####,-1.393854,1.0458,0,100,0,0,12,8,2.67
Singapore,#####,-3.078768,2.324,0,63.636,36.364,6,1,9,3
Singapore,#####,-4.01016,3.495296,0,66.667,33.333,4,0,11,3.67
Singapore,#####,-3.227532,2.324,0,58.333,41.667,2,5,13,4.33
Slovakia,#####,10.516968,0.253316,0.002,91.236,8.764,504,79,5,1.67
Slovakia,#####,10.329396,0.316064,0.007,97.163,2.837,135,16,6,2
Slovakia,#####,22.065582,1.357216,0,66.667,33.333,3,1,7,2.33
Slovenia,#####,10.620456,0.253316,0.006,82.673,17.327,165,2,4,1.33
Slovenia,#####,5.164698,0.31374,0,100,0,29,15,5,1.67
South Africa,#####,7.173012,1.3944,0,88.935,11.065,8,79677,5,1.67
South Africa,#####,-160.108872,2.74232,0.009,55.288,44.712,55,57,7,2.33
South Africa,#####,-39.105528,0,0,22.472,77.528,9,51,9,3
South Africa,#####,-3.175788,3.495296,0,54.545,45.455,6,0,9,3
South Sudan,#####,0.255486,2.324,0.001,97.793,2.207,5065,207,4,1.33
South Sudan,#####,0.1617,0.009296,0,100,0,4,0,6,2
South Sudan,#####,-36.890238,1.3944,0.141,61.986,38.014,539,4,8,2.67
Spain,#####,0.75999,0.264936,0.002,99.093,0.907,739841,101065,5,1.67
Spain,#####,1.19658,0.250992,0,98.555,1.445,183952,2837,6,2
Spain,#####,2.548392,1.120168,0,89.189,10.811,12,21,7,2.33
Spain,#####,-3.191958,3.495296,0,40,60,2,0,12,4
Sri Lanka,#####,4.553472,0.355572,0,94.956,5.044,7493,38,4,1.33
Sri Lanka,#####,-0.11319,0.597268,0,94.573,5.427,20822,295,5,1.67
Sweden,#####,4.129818,0.346276,0.004,98.479,1.521,247,28,5,1.67
Sweden,#####,5.216442,0.253316,0.005,96.983,3.017,150,493,6,2
Sweden,#####,1.377684,0.171976,0,100,0,0,1,7,2.33
Switzerland,#####,6.87225,0.330008,0.019,99.045,0.955,304,18,4,1.33
Switzerland,#####,10.419948,0.253316,0.042,95.151,4.849,184,699,5,1.67
Tajikistan,#####,-4.55994,3.492972,0,50,50,3,0,3,1
Tanzania,#####,8.663886,1.148056,0.002,99.394,0.606,1672939,51811,6,2
Tanzania,#####,3.237234,1.743,0,99.748,0.252,2000177,23180,7,2.33
Tanzania,#####,4.207434,0.8134,0.001,99.693,0.307,38578,3,11,3.67
Tanzania,#####,5.038572,1.106224,0.01,99.337,0.663,141411,8048,11,3.67
Tanzania,#####,3.043194,1.162,0,98.801,1.199,369961,1013,14,4.67
Tanzania,#####,5.35227,1.1039,0.014,96.95,3.05,27210,3,14,4.67
Tanzania,#####,-4.815426,3.495296,0,66.667,33.333,2,0,21,7
Thailand,#####,7.370286,1.08066,0,99.368,0.632,682063,25325,3,1
Thailand,#####,6.41949,2.182236,0,98.886,1.114,256737,16823,7,2.33
Thailand,#####,6.283662,2.447172,0,98.475,1.525,102529,7350,10,3.33
Thailand,#####,7.095396,4.4156,0,92.863,7.137,6,15771,10,3.33
Togo,#####,4.918914,1.320032,0,85.204,14.796,1006,2357,5,1.67
Togo,#####,22.773828,1.399048,0,75.568,24.432,471,62,6,2
Togo,#####,2.836218,1.296792,0,88.304,11.696,41,110,7,2.33
Tunisia,#####,0.14553,2.324,0.005,94.868,5.132,0,1830,3,1
Turkey,#####,6.147834,2.186884,0.028,97.061,2.939,647,476,4,1.33
Turkey,#####,5.232612,2.293788,0.043,97.009,2.991,22651,847,5,1.67
Uganda,#####,2.923536,1.166648,0,99.056,0.944,2782291,1713,9,3
Uganda,#####,1.920996,1.66166,0,99.123,0.877,2181894,999,11,3.67
Uganda,#####,11.066748,1.038828,0.019,98.242,1.758,67604,5367,11,3.67
Uganda,#####,5.817966,1.252636,0.019,97.973,2.027,206135,888,13,4.33
Uganda,#####,20.461518,0,0,95.212,4.788,7848,265,14,4.67
Uganda,#####,2.18295,1.492008,0.001,95.743,4.257,533952,31505,15,5
Uganda,#####,0.006468,0.004648,0,100,0,8,0,17,5.67
Uganda,#####,10.255014,0.741356,0,78.481,21.519,124,0,18,6
Ukraine,#####,2.875026,2.110192,0,97.28,2.72,883,8487,3,1
Ukraine,#####,-3.457146,2.630768,0,41.026,58.974,31,1,6,2
United Arab Emirates,#####,5.940858,12.658828,0.004,69.306,30.694,16,1393,5,1.67
United Arab Emirates,#####,-2.79741,3.495296,0,48.837,51.163,21,0,6,2
United Arab Emirates,#####,-4.893042,9.296,0,100,0,0,24,8,2.67
United Arab Emirates,#####,-12.96834,5.81,0,10.345,89.655,2,7,11,3.67
United Kingdom,#####,1.248324,0.585648,0.001,97.755,2.245,994441,107068,6,2
United Kingdom,#####,9.255708,0.478744,0.001,96.107,3.893,72864,2501,6,2
United Kingdom,#####,-4.524366,3.495296,0,100,0,20,0,9,3
United Kingdom,#####,2.697156,1.624476,0.1,81.818,18.182,7,2,10,3.33
United Kingdom,#####,-0.650034,0.471772,0,60,40,0,3,14,4.67
United States of America,#####,-0.950796,0.683256,0,96.97,3.03,0,32,7,2.33
United States of America,#####,5.242314,1.157352,0.033,83.782,16.218,0,1214,7,2.33
United States of America,#####,0.50127,12.582136,0.078,79.832,20.168,0,95,9,3
United States of America,#####,3.534762,1.18524,0.054,67.21,32.79,0,371,10,3.33
United States of America,#####,3.369828,4.794412,0.006,68.007,31.993,0,4077,12,4
Uruguay,#####,-2.677752,2.324,0,41.667,58.333,0,15,4,1.33
Uruguay,#####,-2.907366,2.096248,0,63.83,36.17,0,30,5,1.67
Uzbekistan,#####,-4.863936,3.495296,0,100,0,1,0,3,1
Vanuatu,#####,-6.377448,4.648,0,100,0,2,0,3,1
Viet Nam,#####,7.913598,0.295148,0,99.636,0.364,1812620,11743,6,2
Viet Nam,#####,5.70801,1.345596,0,99.632,0.368,2231611,133483,7,2.33
Viet Nam,#####,4.197732,0.281204,0,99.745,0.255,19066,135,8,2.67
Viet Nam,#####,-2.784474,1.993992,0,100,0,14,2,13,4.33
Viet Nam,#####,-1.138368,2.612176,0,93.194,6.806,4111,24,14,4.67
Viet Nam,#####,0.245784,0.704172,0,63.043,36.957,19,10,15,5
Viet Nam,#####,-3.744972,3.495296,0,60,40,3,0,21,7
Zambia,#####,6.6297,1.996316,0,98.599,1.401,10310,143,4,1.33
Zambia,#####,2.761836,1.038828,0,90.803,9.197,10829,31,7,2.33
Zambia,#####,4.537302,1.162,0.001,93.958,6.042,2479,9,7,2.33
Zambia,#####,-0.006468,0.60424,0,90,10,9,0,14,4.67
Zambia,#####,-5.969964,1.433908,0,50.299,49.701,81,3,15,5
Zambia,#####,-8.269338,1.162,0,82.759,17.241,69,3,16,5.33
Zimbabwe,#####,-1.03488,3.936856,0.001,98.699,1.301,77437,414,3,1
